<?xml version="1.0" encoding="UTF-8"?>
<project-private xmlns="http://www.netbeans.org/ns/project-private/1">
    <editor-bookmarks xmlns="http://www.netbeans.org/ns/editor-bookmarks/2" lastBookmarkId="0"/>
    <open-files xmlns="http://www.netbeans.org/ns/projectui-open-files/2">
        <group>
            <file>file:/C:/Users/Aldemir%20Filho/Documents/Iterator_show/src/iterator_show/MenuIterator_array.java</file>
            <file>file:/C:/Users/Aldemir%20Filho/Documents/Iterator_show/src/iterator_show/MenuIterator_list.java</file>
            <file>file:/C:/Users/Aldemir%20Filho/Documents/Iterator_show/src/iterator_show/Iterator.java</file>
            <file>file:/C:/Users/Aldemir%20Filho/Documents/Iterator_show/src/iterator_show/Iterator_show.java</file>
            <file>file:/C:/Users/Aldemir%20Filho/Documents/Iterator_show/src/iterator_show/MenuItem.java</file>
        </group>
    </open-files>
</project-private>
