<?xml version="1.0" encoding="UTF-8"?>
<project-private xmlns="http://www.netbeans.org/ns/project-private/1">
    <editor-bookmarks xmlns="http://www.netbeans.org/ns/editor-bookmarks/2" lastBookmarkId="0"/>
    <open-files xmlns="http://www.netbeans.org/ns/projectui-open-files/2">
        <group>
            <file>file:/C:/Users/Aldemir%20Filho/Documents/NetBeansProjects/FolhaDePagamento%20-%20Copia/src/Folhacod/Comissionado.java</file>
            <file>file:/C:/Users/Aldemir%20Filho/Documents/NetBeansProjects/FolhaDePagamento%20-%20Copia/src/Folhacod/Sindicato.java</file>
            <file>file:/C:/Users/Aldemir%20Filho/Documents/NetBeansProjects/FolhaDePagamento%20-%20Copia/src/Folhacod/Vendas.java</file>
            <file>file:/C:/Users/Aldemir%20Filho/Documents/NetBeansProjects/FolhaDePagamento%20-%20Copia/src/Folhacod/Horista.java</file>
            <file>file:/C:/Users/Aldemir%20Filho/Documents/NetBeansProjects/FolhaDePagamento%20-%20Copia/src/Folhacod/Undo.java</file>
            <file>file:/C:/Users/Aldemir%20Filho/Documents/NetBeansProjects/FolhaDePagamento%20-%20Copia/src/Folhacod/Function_01.java</file>
            <file>file:/C:/Users/Aldemir%20Filho/Documents/NetBeansProjects/FolhaDePagamento%20-%20Copia/src/Folhacod/Assalariado.java</file>
            <file>file:/C:/Users/Aldemir%20Filho/Documents/NetBeansProjects/FolhaDePagamento%20-%20Copia/src/Folhacod/PagamentoHorista.java</file>
            <file>file:/C:/Users/Aldemir%20Filho/Documents/NetBeansProjects/FolhaDePagamento%20-%20Copia/src/Folhacod/Empregado.java</file>
            <file>file:/C:/Users/Aldemir%20Filho/Documents/NetBeansProjects/FolhaDePagamento%20-%20Copia/src/Folhacod/Agenda.java</file>
            <file>file:/C:/Users/Aldemir%20Filho/Documents/NetBeansProjects/FolhaDePagamento%20-%20Copia/src/Folhacod/Redo.java</file>
            <file>file:/C:/Users/Aldemir%20Filho/Documents/NetBeansProjects/FolhaDePagamento%20-%20Copia/src/Folhacod/PagamentoAssalariado.java</file>
            <file>file:/C:/Users/Aldemir%20Filho/Documents/NetBeansProjects/FolhaDePagamento%20-%20Copia/src/Folhacod/Ponto.java</file>
            <file>file:/C:/Users/Aldemir%20Filho/Documents/NetBeansProjects/FolhaDePagamento%20-%20Copia/src/Folhacod/PagamentoComissionado.java</file>
        </group>
    </open-files>
</project-private>
