<?xml version="1.0" encoding="UTF-8"?>
<project-private xmlns="http://www.netbeans.org/ns/project-private/1">
    <editor-bookmarks xmlns="http://www.netbeans.org/ns/editor-bookmarks/2" lastBookmarkId="0"/>
    <open-files xmlns="http://www.netbeans.org/ns/projectui-open-files/2">
        <group>
            <file>file:/C:/Users/Aldemir%20Filho/Documents/NetBeansProjects/SistemaAcademico%20-%20Copia/src/sistemaacademico/Publicacao.java</file>
            <file>file:/C:/Users/Aldemir%20Filho/Documents/NetBeansProjects/SistemaAcademico%20-%20Copia/src/sistemaacademico/Projeto.java</file>
            <file>file:/C:/Users/Aldemir%20Filho/Documents/NetBeansProjects/SistemaAcademico%20-%20Copia/src/sistemaacademico/SistemaAcademico.java</file>
            <file>file:/C:/Users/Aldemir%20Filho/Documents/NetBeansProjects/SistemaAcademico%20-%20Copia/src/sistemaacademico/Colaborador.java</file>
        </group>
    </open-files>
</project-private>
