<?xml version="1.0" encoding="UTF-8"?>
<project-private xmlns="http://www.netbeans.org/ns/project-private/1">
    <editor-bookmarks xmlns="http://www.netbeans.org/ns/editor-bookmarks/2" lastBookmarkId="0"/>
    <open-files xmlns="http://www.netbeans.org/ns/projectui-open-files/2">
        <group>
            <file>file:/C:/Users/Aldemir%20Filho/Documents/NetBeansProjects/Isoccer/src/isoccer/Torcedor.java</file>
            <file>file:/C:/Users/Aldemir%20Filho/Documents/NetBeansProjects/Isoccer/src/isoccer/Tecnico.java</file>
            <file>file:/C:/Users/Aldemir%20Filho/Documents/NetBeansProjects/Isoccer/src/isoccer/Preparador.java</file>
            <file>file:/C:/Users/Aldemir%20Filho/Documents/NetBeansProjects/Isoccer/src/isoccer/Isoccer.java</file>
            <file>file:/C:/Users/Aldemir%20Filho/Documents/NetBeansProjects/Isoccer/src/isoccer/Cozinheiro.java</file>
            <file>file:/C:/Users/Aldemir%20Filho/Documents/NetBeansProjects/Isoccer/src/isoccer/Jogador.java</file>
            <file>file:/C:/Users/Aldemir%20Filho/Documents/NetBeansProjects/Isoccer/src/isoccer/Seguranca.java</file>
            <file>file:/C:/Users/Aldemir%20Filho/Documents/NetBeansProjects/Isoccer/src/isoccer/Advogado.java</file>
            <file>file:/C:/Users/Aldemir%20Filho/Documents/NetBeansProjects/Isoccer/src/isoccer/Presidente.java</file>
            <file>file:/C:/Users/Aldemir%20Filho/Documents/NetBeansProjects/Isoccer/src/isoccer/Funcionario.java</file>
            <file>file:/C:/Users/Aldemir%20Filho/Documents/NetBeansProjects/Isoccer/src/isoccer/Interface_func.java</file>
            <file>file:/C:/Users/Aldemir%20Filho/Documents/NetBeansProjects/Isoccer/src/isoccer/Estadio.java</file>
            <file>file:/C:/Users/Aldemir%20Filho/Documents/NetBeansProjects/Isoccer/src/isoccer/Medico.java</file>
            <file>file:/C:/Users/Aldemir%20Filho/Documents/NetBeansProjects/Isoccer/src/isoccer/Onibus.java</file>
            <file>file:/C:/Users/Aldemir%20Filho/Documents/NetBeansProjects/Isoccer/src/isoccer/Ct.java</file>
        </group>
    </open-files>
</project-private>
