<?xml version="1.0" encoding="UTF-8"?>
<project-private xmlns="http://www.netbeans.org/ns/project-private/1">
    <editor-bookmarks xmlns="http://www.netbeans.org/ns/editor-bookmarks/2" lastBookmarkId="0"/>
    <open-files xmlns="http://www.netbeans.org/ns/projectui-open-files/2">
        <group>
            <file>file:/C:/Users/Aldemir%20Filho/Documents/NetBeansProjects/Academia/src/Iterator.java</file>
            <file>file:/C:/Users/Aldemir%20Filho/Documents/NetBeansProjects/Academia/src/Plano.java</file>
            <file>file:/C:/Users/Aldemir%20Filho/Documents/NetBeansProjects/Academia/src/contatoJaExisteException.java</file>
            <file>file:/C:/Users/Aldemir%20Filho/Documents/NetBeansProjects/Academia/src/four_Command_next_four.java</file>
            <file>file:/C:/Users/Aldemir%20Filho/Documents/NetBeansProjects/Academia/src/four_Command_next_two.java</file>
            <file>file:/C:/Users/Aldemir%20Filho/Documents/NetBeansProjects/Academia/src/Academia.java</file>
            <file>file:/C:/Users/Aldemir%20Filho/Documents/NetBeansProjects/Academia/src/one_Command_next_one.java</file>
            <file>file:/C:/Users/Aldemir%20Filho/Documents/NetBeansProjects/Academia/src/two_Command_next_two.java</file>
            <file>file:/C:/Users/Aldemir%20Filho/Documents/NetBeansProjects/Academia/src/Iterator_ArrayList_client.java</file>
            <file>file:/C:/Users/Aldemir%20Filho/Documents/NetBeansProjects/Academia/src/four_Command_next_one.java</file>
            <file>file:/C:/Users/Aldemir%20Filho/Documents/NetBeansProjects/Academia/src/Iterator_ArrayList_func.java</file>
            <file>file:/C:/Users/Aldemir%20Filho/Documents/NetBeansProjects/Academia/src/two_Command_next_one.java</file>
            <file>file:/C:/Users/Aldemir%20Filho/Documents/NetBeansProjects/Academia/src/SisGym.java</file>
            <file>file:/C:/Users/Aldemir%20Filho/Documents/NetBeansProjects/Academia/src/Pessoa.java</file>
            <file>file:/C:/Users/Aldemir%20Filho/Documents/NetBeansProjects/Academia/src/Telefone.java</file>
            <file>file:/C:/Users/Aldemir%20Filho/Documents/NetBeansProjects/Academia/src/two_Command_next_four.java</file>
            <file>file:/C:/Users/Aldemir%20Filho/Documents/NetBeansProjects/Academia/src/Command.java</file>
            <file>file:/C:/Users/Aldemir%20Filho/Documents/NetBeansProjects/Academia/src/Cliente.java</file>
            <file>file:/C:/Users/Aldemir%20Filho/Documents/NetBeansProjects/Academia/src/Invoker_two.java</file>
            <file>file:/C:/Users/Aldemir%20Filho/Documents/NetBeansProjects/Academia/src/Endereco.java</file>
            <file>file:/C:/Users/Aldemir%20Filho/Documents/NetBeansProjects/Academia/src/cpfNaoExisteException.java</file>
            <file>file:/C:/Users/Aldemir%20Filho/Documents/NetBeansProjects/Academia/src/one_Command_next_five.java</file>
            <file>file:/C:/Users/Aldemir%20Filho/Documents/NetBeansProjects/Academia/src/Contas.java</file>
            <file>file:/C:/Users/Aldemir%20Filho/Documents/NetBeansProjects/Academia/src/contatoNaoExisteException.java</file>
            <file>file:/C:/Users/Aldemir%20Filho/Documents/NetBeansProjects/Academia/src/Funcionario.java</file>
            <file>file:/C:/Users/Aldemir%20Filho/Documents/NetBeansProjects/Academia/src/one_Command_next_three.java</file>
            <file>file:/C:/Users/Aldemir%20Filho/Documents/NetBeansProjects/Academia/src/three_Command_next_one.java</file>
            <file>file:/C:/Users/Aldemir%20Filho/Documents/NetBeansProjects/Academia/src/four_Command_next_three.java</file>
            <file>file:/C:/Users/Aldemir%20Filho/Documents/NetBeansProjects/Academia/src/three_Command_next_three.java</file>
            <file>file:/C:/Users/Aldemir%20Filho/Documents/NetBeansProjects/Academia/src/three_Command.java</file>
            <file>file:/C:/Users/Aldemir%20Filho/Documents/NetBeansProjects/Academia/src/Contato.java</file>
            <file>file:/C:/Users/Aldemir%20Filho/Documents/NetBeansProjects/Academia/src/Invoker_one.java</file>
            <file>file:/C:/Users/Aldemir%20Filho/Documents/NetBeansProjects/Academia/src/Equipamento.java</file>
            <file>file:/C:/Users/Aldemir%20Filho/Documents/NetBeansProjects/Academia/src/three_Command_next_two.java</file>
            <file>file:/C:/Users/Aldemir%20Filho/Documents/NetBeansProjects/Academia/src/two_Command_next_three.java</file>
            <file>file:/C:/Users/Aldemir%20Filho/Documents/NetBeansProjects/Academia/src/Invoker_three.java</file>
            <file>file:/C:/Users/Aldemir%20Filho/Documents/NetBeansProjects/Academia/src/one_Command.java</file>
            <file>file:/C:/Users/Aldemir%20Filho/Documents/NetBeansProjects/Academia/src/two_Command.java</file>
            <file>file:/C:/Users/Aldemir%20Filho/Documents/NetBeansProjects/Academia/src/one_Command_next_six.java</file>
            <file>file:/C:/Users/Aldemir%20Filho/Documents/NetBeansProjects/Academia/src/Invoker.java</file>
            <file>file:/C:/Users/Aldemir%20Filho/Documents/NetBeansProjects/Academia/src/four_Command.java</file>
            <file>file:/C:/Users/Aldemir%20Filho/Documents/NetBeansProjects/Academia/src/one_Command_next_two.java</file>
            <file>file:/C:/Users/Aldemir%20Filho/Documents/NetBeansProjects/Academia/src/Iterator_ArrayList_equip.java</file>
            <file>file:/C:/Users/Aldemir%20Filho/Documents/NetBeansProjects/Academia/src/Invoker_four.java</file>
            <file>file:/C:/Users/Aldemir%20Filho/Documents/NetBeansProjects/Academia/src/one_Command_next_four.java</file>
        </group>
    </open-files>
</project-private>
