<?xml version="1.0" encoding="UTF-8"?>
<project-private xmlns="http://www.netbeans.org/ns/project-private/1">
    <editor-bookmarks xmlns="http://www.netbeans.org/ns/editor-bookmarks/2" lastBookmarkId="0"/>
    <open-files xmlns="http://www.netbeans.org/ns/projectui-open-files/2">
        <group>
            <file>file:/C:/Users/Aldemir%20Filho/Documents/NetBeansProjects/Iface/src/iface/Comunidade.java</file>
            <file>file:/C:/Users/Aldemir%20Filho/Documents/NetBeansProjects/Iface/src/iface/Iface.java</file>
            <file>file:/C:/Users/Aldemir%20Filho/Documents/NetBeansProjects/Iface/src/iface/MsgComunidade.java</file>
            <file>file:/C:/Users/Aldemir%20Filho/Documents/NetBeansProjects/Iface/src/iface/Usuario.java</file>
        </group>
    </open-files>
</project-private>
